1AAGUIAR        Amanda Gemina Damandaaguiar@daosilveira.com.br                   1
1AAGUIAR_AC     Amanda Agauiar                                                   1
1AARAUJO        Andre Batista A                                                  1
1ABALDUINO      Adriana do Carm                                                  0
1ACARVALHO      Anne Karoliny C                                                  1
1ACROCHA        Anne Cosmo Roch                                                  0
1ACSOUZA        Annecely Cartax                                                  0
1ADGOMES        Allan Deyvisson                                                  0
1ADGOMES_AC     ALLAN DEYVISSON                                                  0
1ADRIENE        Adriene Bastos                                                   0
1AFERREIRA      Alysson Andre d                                                  0
1AGOMES         Adeildo Simoes adeildosimoes@daosilveira.com.br                  1
1AKAROLYNNE     ANNE KAROLYNNE                                                   0
1ALAIND         ALAIN SANTOS TA                                                  0
1ALEXDS         ALEX SENA - DAO                                                  0
1ALEXFATD       Alex Faturament                                                  1
1ALIMA          Aluska Kelly De                                                  0
1ALIOMAR        Aliomar Gomes V                                                  0
1ALIOMAR_AC     ALIOMAR VASCONC                                                  0
1ALLAND         ALLAN DAYVISSON                                                  0
1ALUCENA        Ana Maria de Lu                                                  0
1ALVAIRDS       Maria Alvair Co                                                  0
1AMSOUZA        Amanda Mirelle                                                   0
1AMSOUZA_AC     Amanda Mirelle                                                   0
1ANACRM         Ana Paula Perei                                                  1
1ANADS          Ana Luiza Dao S                                                  1
1ANALUAV        Analua Modro Ve                                                  1
1ANDERSONM      Anderson Sousa                                                   1
1ANDREAVALI     Alysson Andre d                                                  0
1ANETO          Alexandre Porfi                                                  0
1AOLEGARIO      Alenjefferson O                                                  1
1AOLEGARIO_     Alenjefferson O                                                  1
1APEREIRA       Andre Reis Pere                                                  0
1APPEREIRA      Ana Paula Perei                                                  1
1ARIZALDO       Arizaldo Rodrig                                                  1
1AROCHA         Anne Cosmo Roch                                                  0
1ASANTOS        Allan Emmanuel                                                   0
1ASANTOS_AC     ALLAN EMMANUEL                                                   0
1ASILVA         Ailton Bento Daailtonbento@daosilveira.com.br                    0
1ASOUTO         Ailton De Souto                                                  0
1ASOUTO_AC      Ailton De Souto                                                  0
1ASOUZA         Annecely Cartax                                                  0
1AURELINA       Aurelina Juvena                                                  0
1AURELINA_A     AURELINA SANTOS                                                  0
1BEATRIZDS      Beatriz Meira                                                    1
1BOXFS46        BOX FALTANTES D                                                  1
1BOXLS46        BOX LIVRE DAO                                                    1
1BOXPS46        BOX PASSANTES D                                                  1
1BRUNOALVES     Bruno Limeira A                                                  1
1CBEZ           CLAUDISON                                                        0
1CGBEZERRA      CLAUDISON GOMES                                                  0
1CGOMES         Carlos Simoes G                                                  0
1CLEIDE         Waldicleide E.                                                   1
1CRISOSTOMO     Crisostomo Gome                                                  0
1CSILVA         Cleujean Martin                                                  0
1CSOUTO         Cristiane De So                                                  1
1CSOUZA         Charles Vagner                                                   1
1CYBELLEDS      CYBELLE KARINA                                                   1
1DAELSON        Daelson De Fari                                                  0
1DALVES         Danielly Thayna                                                  0
1DALVES_        Danielly Thayna                                                  0
1DAMORIM        DANIEL ANDREIEV                                                  1
1DANIELYDS      DANIELY RODRIGU                                                  1
1DANISF         Danielle Martin                                                  1
1DBEZERRA       Djinger Kellen                                                   0
1DCARAUJO       Djalma Cavalcan                                                  0
1DCASTRO        David Pequeno d                                                  0
1DCRUZ          Diego Ferraz Cr                                                  1
1DCSILVA        Danilo Cicero D                                                  0
1DDONATO        Daniel Bezerra                                                   1
1DENISE         Denise de Lima                                                   1
1DEREXAB        AGUIAR BARBOSA                                                   0
1DEREXAU        ANTONIO UBALDO                                                   0
1DEREXFG        FRANCISCO GAUDE                                                  0
1DEREXJW        JOSE WILSON - D                                                  1
1DEREXLS        LOURENCO SILVEI                                                  0
1DEREXRC        RODRIGO CRUZ -                                                   0
1DGALVAO        Danilo Galvao M                                                  1
1DGOMES         Daniel Gomes Da                                                  0
1DGOMES_A       Daniel Gomes -                                                   0
1DIGITADOR1     Digitacao De In                                                  1
1DIGITADOR2     Digitacao De In                                                  1
1DIGITADOR3     Digitacao De In                                                  1
1DIGITADOR4     Digitacao De In                                                  1
1DIRETORIAD     DIRETORIA DAO S                                                  1
1DPEREIRA       DANIELA PEREIRA                                                  0
1DSANTOS        Daniel Varela D                                                  0
1DSCAIXA        Dscaixa                                                          1
1DSCHARLES      CHARLES LUCAS R                                                  1
1DS_DEVOLUC     DEVOLUCOES ACES                                                  1
1DSILVA         DANIELA PEREIRA                                                  0
1DSOFICINA      DSoficina                                                        1
1DSPECAS        Dspecas                                                          1
1EAGUIAR        Elany De Fatima                                                  1
1ECASSIANO      Edilma Maria Ca                                                  1
1EDILEUZA       Edileuza                                                         0
1EDINIZ         Edjanira Do Nas                                                  1
1EDIVANIO       EDIVANIO PEREIR                                                  1
1EDIVANIODS     Edivanio Pereir                                                  1
1EDJANIRA       Edjanira Do Nasedjanira@daosilveira.com.br                       1
1EDJANIRA_A     Edjanira Nascim                                                  1
1EDUARDADS      Maria Eduarda Q                                                  1
1EDUARTE        Eduardo Rodrigo                                                  0
1EDUARTE_A      Eduardo Duarte                                                   0
1EFAGUIAR       ELANY DE FATIMA                                                  1
1EGOMES         Emanuela Gomes emanuelagomes@daosilveira.com.br                  0
1EGOMES_AC      ROBSON DE OLIVE                                                  0
1EILZODS        EILZO DAO SILVE                                                  1
1ELEAL          Elisangela Nery                                                  0
1ELEAL_AC       ELISANGELA LEAL                                                  0
1ELLENKAR       ELLEN KAREN                                                      1
1EMELLO         Edson Aparecido                                                  0
1ENEVES         Ericka Jancelly                                                  0
1ERIC           ERIC EVERTON- V                                                  0
1ERICORT08      ERICO ROCHA DE                                                   1
1ERICOS46       Erico Rocha De                                                   1
1ERIKAS         ERIKA SILVA                                                      0
1ERSILVA        EMERSON RUAN B.                                                  1
1ESALVINO       Edinaldo Jose S                                                  1
1ESILVA         Erika Stephanie                                                  0
1EWERTOND       Ewerton Rodrigu                                                  1
1FABIANODS      FABIANO COSTA S                                                  1
1FARLEY         FARLEY FRANKLIN                                                  0
1FATUD          FERIAS FATURIST                                                  0
1FBARBOSA       FABIO BARBOSA D                                                  0
1FCANINDE       FRANCISCO CANIN                                                  0
1FGAUDENCIO     Francisco Fonse                                                  0
1FIZIDRO        Francisco Izidr                                                  0
1FLAUBER        FLAUBER ALESSAN                                                  0
1FLAUBER_AC     FLAUBER ALESSAN                                                  0
1FLEITE         FABRICIO RIBEIRfabricio@daosilveira.com.br                       0
1FMELO          FARLEY FRANKLIN                                                  0
1FRIASDS        ALEXANDRE FRIAS                                                  0
1FSOARES        Francisco De As                                                  0
1GDANTAS        GEFERSON SILVA                                                   0
1GEOVANED       Geovane Oliveir                                                  0
1GERALDODS      GERALDO MACHELL                                                  0
1GGALDINO       Gean Luciano Ga                                                  0
1GGOMES         Gilvan Gomes                                                     0
1GILVANAS46     Maria Gilvana S                                                  1
1GNUNES         Gilvania Glauci                                                  0
1GNUNES_AC      Gilvania Glauci                                                  0
1HELENOS46      Heleno De Souza                                                  1
1HELIOD         Helio Furtado M                                                  1
1HELLENDS       HELLEN DEBORA D                                                  1
1HERIANEC       HERIANE CHAVES                                                   1
1HOLIVEIRA      Henrique Martinhenrique@daosilveira.com.br                       1
1HSILVA         Hosyel Alexandr                                                  0
1IALMEIDA       Inacia Maria F.inaciamaria@daosilveira.com.br                    0
1IBARBOSA       Iago Gonçalves                                                   0
1ICARNEIRO      Iago Silveira C                                                  0
1IGORFD         Igor Franklin D                                                  1
1IMOURA         INALDO DE MOURA                                                  0
1INETO          ISAIAS DO Ó NET                                                  0
1IOLIVEIRA_     Isac Oliveira -                                                  1
1ISAACL         Isaac Daniel De                                                  0
1IZIDRO_ACE     Francisco Izidr                                                  0
1JACOSTA        JULIANA ALVES Cjulianaalves@daosilveira.com.br                   0
1JACOSTA_       JULIANA ALVES -                                                  0
1JALMEIDA       Josicleide Henr                                                  0
1JANDRADE       Jose Dilmar P.                                                   0
1JANDRADE_      Jose Dilmar P.                                                   0
1JANDRADER      Jose Dilmar                                                      0
1JARAUJO        Josenilton Fidefunilaria@daosilveira.com.br                      0
1JARAUJO_       Josenilton Fide                                                  0
1JBARBOSA       Jose Carlos Cam                                                  1
1JBATISTA       JOAO BATISTA PE                                                  0
1JCAMPOS        Jose Carlos Cam                                                  1
1JCARLOSN       Jose Carlos Nar                                                  1
1JCORREA        Josenilton De Sjcorrea@daosilveira.com.br                        1
1JCOSTA         Jalcer José de                                                   1
1JDANTAS        Jeferson Silva                                                   1
1JFAGUNDES      Jonathas Figuei                                                  0
1JFERNANDES     Jessica Fernand                                                  1
1JFERREIRA      Joao Ferreira D                                                  0
1JGOMES         Jose Nilton Fer                                                  1
1JHALMEIDA1     Josicleide Henr                                                  0
1JHALMEIDA2     Josicleide Henr                                                  0
1JHENRIQUES     Josicleide Henr                                                  0
1JLGOMES        Jose Luciano Go                                                  1
1JLGOMES_AC     Jose Luciano Go                                                  1
1JLINSDS        JOANDERSON LINS                                                  0
1JLIRA          Jonas Lira Barb                                                  1
1JLOPES         Jonatha Lopes Djonathalopes@daosilveira.com.br                   1
1JMEDEIROS_     Jessica Fernand                                                  1
1JMELO          Jakeline Cadena                                                  0
1JOALVES        Josimario Alves                                                  0
1JOELMA         Joelma Alves Pa                                                  0
1JOLIVEIRA      Jonatha Lopes Djonathalopes@daosilveira.com.br                   1
1JONASF         Jonas Vasconcel                                                  0
1JONATHA        Jonatha Lopes D                                                  1
1JONATHAN1      Jonathan Andrad                                                  1
1JONATHAN3      Jonathan Andrad                                                  1
1JONATHAN4      Jonathan Andrad                                                  1
1JONATHAN5      Jonathan Andrad                                                  1
1JORIANADS      Joriana Carla S                                                  1
1JOSENILTON     JOSENILTON FIDE                                                  0
1JPALMEIRA      Joelma Alves Pa                                                  0
1JRUBENS        JOÃO RUBENS MAY                                                  0
1JSDANTAS       Jeferson Silva                                                   1
1JVSILVA        Johnatan Vascon                                                  1
1JWILSON        Jose Wilson Olijosewilson@daosilveira.com.br                     1
1JWOLIVEIRA     Jose Wilson Oli                                                  1
1KALINED        Kaline De Arauj                                                  1
1KAREMS         Karem Pollyana                                                   1
1KATIANEDS      KATIANE FRANÇA                                                   0
1KCOSTA         KAROL PEREIRA G                                                  0
1KCOSTA_AC      KAROL PEREIRA G                                                  0
1KGUEDES        Keyza Guedes Me                                                  1
1KGUEDES_AS     Keyza Guedes -                                                   1
1KRAMOS         Kyssia Ramos De                                                  0
1KSANTOS        Kleiton Da Silv                                                  1
1KVASIL         KELLEN VASILJEV                                                  0
1LAERCIO_AC     Laercio Laouren                                                  0
1LAILSONC       Lailson Goncalv                                                  0
1LANDSON        Landson Holanda                                                  0
1LANDSON_AC     LANDSON HOLANDA                                                  0
1LBARBOSA       Ladson Raphael                                                   0
1LFERNANDES     Leandro Silva F                                                  0
1LGOMES         JOSE LUCIANO GO                                                  0
1LGOMES_AC      JOSE LUCIANO -                                                   0
1LMELO          Luiz Melo de So                                                  0
1LOLIVEIRA      Luan Oliveira S                                                  0
1LOLIVEIRA_     Luan Oliveira -                                                  0
1LPEDROSA       Luiz Augusto Fr                                                  0
1LPEREIRA       LIDIANE NAJARA                                                   0
1LRAMOS         Luciano Aquino                                                   0
1LRAMOS2        Luciano Ramos-E                                                  0
1LRODRIGUES     Luana Rodrigues                                                  1
1LSANTOS        Leodenes Santos                                                  0
1LSFERNANDE     Leandro Silva F                                                  0
1LSILVA         Laercio Laouren                                                  0
1LSILVEIRA      Lourenco Marque                                                  0
1LSOUZA         LUCILEIDE SOUZA                                                  0
1LUCIANAD       Luciana Lima Da                                                  0
1LYVIANED       Lyviane Apareci                                                  0
1MACIELG        Helenilson Maci                                                  0
1MAGALYDS       Ana Magaly                                                       0
1MALVES         Messias Martins                                                  0
1MAOLIVEIRA     Mariana Oliveir                                                  1
1MARCO          Marco Antonio D                                                  0
1MARRUDA        Mayara Marcella                                                  0
1MASILVA        Matheus Da Silv                                                  1
1MATIASS46      MATIAS DAVI DE                                                   1
1MBARBOSA       Marcondes De Ag                                                  0
1MBARROS        Mayara Barbosa                                                   0
1MCARVALHO      Marcus Djair De                                                  0
1MCOSMO         MAILSON                                                          0
1MCOSTA         Marcio Costa Si                                                  0
1MENDES_ACE     Washington Guer                                                  0
1MEQUEIROZ      Maria Eduarda Q                                                  1
1MGARAUJO       Maria Guadalupe                                                  1
1MJUNIOR        Manoel Gomes Ju                                                  0
1MJUNIOR_AC     Manoel Gomes -                                                   0
1MOLIVEIRA      Mariana Oliveir                                                  0
1MRIBEIRO       Mayonara Ferreimayonara@daosilveira.com.br                       0
1MRIBEIRO_A     MAYONARA RIBEIR                                                  0
1MSILVA         Mailson Cosmo D                                                  0
1MSILVAV        Mailson Cosmo D                                                  0
1NALDOD         IRONALDO DE MOU                                                  1
1NARLAINEFE     NARLAINE TEIXEI                                                  0
1NATALIAS46     NATALIA GOMES L                                                  1
1NBSDAO         NBS Dao Silveir                                                  1
1NBSJAF12       NBS JAFFER                                                       1
1NBS12          NBS DAO SILVEIR                                                  1
1NEGREIROS      Antonio  Negrei                                                  0
1OFILHO         Oliveiros Caval                                                  0
1PARAUJO        Pablo Dantas de                                                  0
1PARAUJO_       Pablo Dantas de                                                  0
1PAULA          Ana Paula Perei                                                  0
1PAULOD         Paulo Campos Da                                                  0
1PCAVALCANT     Pedro Mauricio                                                   0
1PCOSTA         Paulo Cesar Da                                                   0
1PECASDAO       Pecas Dao Silve                                                  0
1PEDROCX        Pedro Mauricio                                                   0
1PEDROM         Pedro Mauricio                                                   0
1PFOCAL1        Edjanira Do Nasedjanira@daosilveira.com.br                       0
1PGURGEL        Romulo Pablo Clpabloclementino@daosilveira.com.br                0
1PJORGE         Pedro Jorge De                                                   1
1PMENEZES       Patricia Meneze                                                  0
1PMENEZES_A     Patricia Meneze                                                  0
1PNETO          Pedro De Olivei                                                  0
1POLIVEIRA      Poliana Maiara                                                   0
1POLIVEIRA_     POLIANA OLIVEIR                                                  0
1POLLYANADS     Pollyana Gessic                                                  0
1PPEREIRA       Ana Paula Perei                                                  1
1PSILVA         Pedro Ferreira                                                   0
1RAFAELLAD      Rafaella Dao Si                                                  1
1RALVES         RENATO ALVES EV                                                  0
1RALVES_        RENATO ALVES -                                                   0
1RARAUJO        Rinaldo Carneir                                                  0
1RARAUJO_AC     RINALDO ARAUJO-                                                  0
1RBARBOSA       Renallio R. F.                                                   0
1RBRITO         Rogegleison Sil                                                  1
1RBRITO_A       Rogegleison - A                                                  1
1REIS_ACE       Andre Reis Pere                                                  0
1RFONSECA       Ronnie Tenório                                                   0
1RFRANCA        Rodrigo Fernand                                                  0
1RGARAUJO       RONALDO GUIMARA                                                  0
1RGOMES         ROBSON DE OLIVE                                                  0
1RICARDOD       RICARDO LUIZ DO                                                  1
1RITA_OS        Rita De Cassia                                                   0
1RLIMA          Renato De Lima                                                   1
1RLIMA_A        Renato Lima - A                                                  1
1RNOBREGA       Rita De Cassia                                                   0
1RNOBREGA_      Rita De Cassia                                                   0
1RONALDOT       RONALDO TAVARES                                                  0
1RPONTES        Rafael Cavalcan                                                  0
1RPORTO         Rosinaldo Porto                                                  0
1RSGOIS         Ricardo Silva G                                                  1
1RSGOIS_AC      Ricardo Silva G                                                  1
1RSILVA         JOSE RENA BARBO                                                  1
1RSILVEIRA      Rosilene Melo S                                                  1
1RTAVARES       Ronaldo Tavares                                                  1
1RTAVARES_A     Ronaldo Tavares                                                  1
1RTAVARESDA     Ronaldo Tavares                                                  1
1RUBENS         Rubens Carvalho                                                  0
1SANDANTAS      SANNY DIEGO DA                                                   0
1SCNEVES        Sayonara Costa                                                   0
1SCOSTA         Sayonara Costa                                                   0
1SDANTAS        SANNY DIEGO DA                                                   0
1SFIGUEI_AC     SELMA FORMIGA -                                                  0
1SFIGUEIRED     Selma Formiga F                                                  0
1SGONCALVES     Sabrina Goncalv                                                  0
1SGPEREIRA      SABRINA GONCALV                                                  0
1SGPEREIRA1     SABRINA GONCALV                                                  0
1SGPEREIRA2     SABRINA GONCALV                                                  0
1SILVIAD        SILVIA LETICIA                                                   1
1SILVIOP        Silvio Mario Si                                                  0
1SILVIOP_AC     SILVIO MARIO -                                                   0
1SJUNIOR        SEVERINO JUNIOR                                                  0
1SLUNA          Silvia Cesar Lu                                                  0
1SLUNA_         Silvia Cesar Lu                                                  0
1SNEVES         Sayonara Costa                                                   0
1SNOVOS2E20     Secretaria                                                       1
1SPEREIRA       Sabrina Goncalv                                                  0
1STELADS        Steliany Da Roc                                                  1
1SUZAMARADA     SUZAMARA BARBOS                                                  1
1SUZAMARADO     SUZAMARA BARBOS                                                  1
1TALITA         Wenia Talita Da                                                  0
1TBRUNO         Thiago Bruno Fe                                                  0
1TECIADAO       Tecia Maria Oli                                                  1
1TECIADS        Tecia Maria Oli                                                  1
1TESSD          Tess Alessandra                                                  0
1TFREITAS       Thiago Freitas                                                   0
1THATYANED      Thatyane Gládes                                                  0
1TLIMA          Thiago Freitas                                                   0
1TLIMAD         Thiago Freitas                                                   0
1TMUNIZ         THIAGO MUNIZ                                                     0
1TNEGREIROS     Wenia Talita Da                                                  0
1TSILVA         Tony Kleber da                                                   0
1UBALDO         ANTONIO UBALDO                                                   0
1VAGNERC        Vagner Gomes Do                                                  1
1VANIA          Josivania G. Pi                                                  0
1VANIAD         JOSIVANIA G.PIN                                                  0
1VERONICAS      Veronica Kellia                                                  1
1WALLESKS46     Walleska Sirram                                                  1
1WCABRAL        Wagner Gabriel                                                   1
1WCOSME         Wendell Cosme D                                                  0
1WCSILVA        Wendell Cosme dwendell@daosilveira.com.br                        0
1WCSILVA_AC     WENDELL COSME -                                                  0
1WENIA          Wenia Talita Da                                                  0
1WILSON         Jose Wilson Oli                                                  1
1WMENDES        Washington Guer                                                  0
1WPEREIRA       William Pereira                                                  1
1WPEREIRA _     Willianm Pereir                                                  1
1WPESSOA        Weverton Allyss                                                  0
1WPESSOA_AC     Weverton Allyss                                                  0
1WVSILVA        WALISON VIDAL D                                                  0
1ZARAUJO        Zildomark Arauj                                                  0
